date,max_kp,g_category,max_xray_flux_wm2,max_xray_class,flare_category,proton_event_s1plus
2026-07-29,,,1.665920876803284e-06,B1.7,C,False
2026-07-30,,,1.904200325952843e-05,C1.9,C,True
2026-07-31,,,3.998729880549945e-06,B4.0,C,True
2026-08-01,,,2.503799123587669e-06,B2.5,C,True
2026-08-02,,,1.2924639349876088e-06,B1.3,C,False
2026-08-03,,,1.4043042710909504e-06,B1.4,C,False
2026-08-04,,,1.2943984302182798e-06,B1.3,C,False
2026-08-05,,,9.245565024684765e-07,A9.2,None,False
2026-08-06,,,1.0183358654103358e-06,B1.0,C,False
